model,SR-MMP,NR-AR-LBD,NR-AhR,NR-Aromatase,NR-PPAR-gamma,SR-HSE,NR-AR,NR-ER,SR-ATAD5,NR-ER-LBD,SR-ARE
layer2_GbtreeLogistic_ROCAUC,0.884655244887,0.783845992886,0.883247405216,0.720275181724,0.77025953966,0.733819528079,0.775319955226,0.700174932311,0.79418278863,0.803664306764,0.751751276234
layer2_GblinearLogistic_ROCAUC,0.885615515067,0.852252912046,0.888038862474,0.771314969667,0.811991471958,0.770328739016,0.77787555124,0.720350644575,0.856835399449,0.791530179752,0.763925127623
layer1_binaryECFP_GbtreeLogistic_ROCAUC,0.851241466278,0.857004603474,0.86989654744,0.728288790512,0.739290997694,0.697647642625,0.748044530755,0.700116435838,0.822595792637,0.775738790462,0.743651919077
layer1_binaryMACCSkeys_GbtreeLogistic_ROCAUC,0.880641436323,0.81445298877,0.881998012265,0.767284254249,0.820356350346,0.782578393327,0.79738304271,0.718521933392,0.852965345605,0.789616427741,0.745799064095
layer2_GbtreeLogistic_EFR1,7.69230769231,30.5084745763,8.67346938776,15.7894736842,21.2765957447,10.6382978723,20.7792207792,9.54773869347,18.1818181818,20.2247191011,4.58333333333
layer2_GblinearLogistic_EFR1,6.41025641026,25.4237288136,9.18367346939,15.7894736842,23.4042553191,11.7021276596,20.7792207792,9.04522613065,16.6666666667,19.1011235955,5.0
layer1_binaryECFP_GbtreeLogistic_ROCAUC,8.11965811966,30.5084745763,8.67346938776,17.1052631579,17.0212765957,10.6382978723,20.7792207792,8.54271356784,16.6666666667,12.3595505618,5.41666666667
layer1_binaryMACCSkeys_GbtreeLogistic_ROCAUC,6.41025641026,30.5084745763,9.18367346939,10.5263157895,19.1489361702,11.7021276596,22.0779220779,8.54271356784,15.1515151515,17.9775280899,5.0
